k,gap,gap_se
2,0.42239741279048637,0.04440803146754799
3,0.5050696002965598,0.0396553835420301
4,0.5194417854845801,0.04020697107199083
5,0.5550479232329844,0.04570310092648764
6,0.5550683270592556,0.03352741365607117
