k,gap,gap_se
2,0.20296478336280455,0.055716133482085706
3,0.2841012498197868,0.056573182806460495
4,0.3453242214387746,0.054371977227193086
5,0.34009818177479634,0.06738253821385017
6,0.3454614039724353,0.03767110054401883
