species,metabolite,correlation,p_value,fdr
Bacteroides_Bacteroides_stercoris,HILp_QI22657,0.9323529411764706,1.451754439048121e-07,0.008725334529567016
Lactobacillus_Lactobacillus_rhamnosus,HILp_QI24826,-0.8970588235294116,2.4923759658858707e-06,0.049932260100557534
Escherichia_Escherichia_coli,C18n_QI13047,0.8970588235294116,2.4923759658858707e-06,0.049932260100557534
Ruminococcus_Ruminococcus_flavefaciens,C8p_QI27351,0.8823529411764707,6.095619569194933e-06,0.07327178546955077
Escherichia_Escherichia_coli,C8p_QI29123,0.8852941176470588,5.1471475768424675e-06,0.07327178546955077
