species,metabolite,component,score
sp_3,mb_2,PLS_2,0.6733039766119893
sp_3,mb_11,PLS_2,0.5911578362037624
sp_3,mb_3,PLS_2,0.5255180854180638
sp_1,mb_0,PLS_1,0.3351536109235613
sp_1,mb_8,PLS_1,0.3310529607448084
sp_9,mb_0,PLS_1,0.25227748655372934
sp_9,mb_8,PLS_1,0.24919083706938935
