,PLS_0,PLS_1,PLS_2
mb_0,0.0,-0.5626579906543138,0.0
mb_1,0.0,0.0,0.0
mb_2,0.0,0.0,-0.8437668816849927
mb_3,0.0,0.0,-0.6585654794933697
mb_4,0.0,0.0,0.0
mb_5,0.0,0.0,0.0
mb_6,0.0,0.0,0.0
mb_7,0.0,0.0,0.0
mb_8,0.0,0.5557737933347761,0.0
mb_9,0.0,0.0,0.0
mb_10,0.0,0.0,0.0
mb_11,0.0,0.0,0.7408234933457757
mb_12,0.0,0.0,0.0
mb_13,0.0,0.0,0.0
mb_14,0.0,0.0,0.0
