,PLS_0,PLS_1,PLS_2
sp_0,0.0,0.0,0.0
sp_1,0.0,0.5956613368874614,0.0
sp_2,0.0,0.0,0.0
sp_3,0.0,0.0,0.7979739324058429
sp_4,0.0,0.0,0.0
sp_5,0.0,0.0,0.0
sp_6,0.0,0.0,0.0
sp_7,0.0,0.0,0.0
sp_8,0.0,0.0,0.0
sp_9,0.0,-0.44836737546436756,0.0
