treatment_id,drug_name,cohens_d,p_value,n_del,n_intact,median_sens_del,median_sens_intact,fdr
BRD:BRD-A99367815-001-04-9,,-0.3934,3.197486536030776e-06,207,391,-0.803,-0.5427,0.00723697785988299
BRD:BRD-K00003412-300-01-9,,-0.5393,7.096308229589834e-10,208,394,-1.308,-0.8571,4.818393287891497e-06
BRD:BRD-K33127281-001-05-6,,-0.4199,2.658904210579551e-05,160,271,-0.3914,-0.1624,0.0361079191796703
BRD:BRD-K51313569-003-03-3,,-0.4812,5.304563280165096e-06,161,271,0.0832,0.3615,0.00900449616808025
BRD:BRD-K88554883-001-03-2,,-0.4385,3.4010841771313726e-08,207,392,-0.9852,-0.5917,0.0001154668078136101
