drug,gene,mechanism,spearman_r,p_value,n_lines
trilaciclib,CDK6,CDK4/6 inhibitor,0.3278,2.8593322556389904e-11,392
milademetan,MDM2,MDM2 inhibitor,0.5459,7.905142731453052e-32,392
GSK3326595,PRMT5,PRMT5 inhibitor (type I),0.1556,0.002062912099688356,390
JNJ-64619178,PRMT5,PRMT5 inhibitor (type II),0.186,0.00022045552243914903,390
EPZ020411,PRMT5,PRMT5 inhibitor (SAM-competitive),-0.035,0.48998685784056073,391
