drug,mechanism,original_d,original_fdr,mtap_corrected_d,mtap_corrected_fdr,mtap_confound_d,mtap_confound_fdr,verdict
trilaciclib,CDK4/6 inhibitor,-0.5393,3.2643017856113245e-08,-0.8151,4.005758845929212e-07,0.3521,0.06312569645629598,CDKN2A-SPECIFIC
milademetan,MDM2 inhibitor,-0.2779,0.0229391078277688,-0.5497,0.00038264435587212064,0.3108,0.06312569645629598,not significant
GSK3326595,PRMT5 inhibitor (type I),0.066,0.9275380965783442,0.1316,0.6689970990123933,-0.1048,0.5567611115872784,not significant
JNJ-64619178,PRMT5 inhibitor (type II),-0.094,0.4176871877018234,-0.0467,0.8631403015171846,-0.0685,0.5567611115872784,not significant
EPZ020411,PRMT5 inhibitor (SAM-competitive),-0.0285,0.8640868124041247,-0.0088,0.9134467594254755,-0.0215,0.5567611115872784,not significant
