data_source,comparison,mean_pans,mean_control,diff,U_statistic,p_value,direction
bulk,pre_vs_control,-0.1425774414359434,0.012428502563449777,-0.15500594399939316,33.0,0.34774559891069756,control_more_deficient
bulk,post_vs_pre,0.1513915257992486,-0.1425774414359434,0.293968967235192,53.0,0.28931483238198774,post_more_deficient
scrna,pre_vs_control,0.1574497662317416,0.3602337923299092,-0.20278402609816762,8.0,0.7301587301587302,control_more_deficient
scrna,post_vs_pre,-0.44563680009566903,0.1574497662317416,-0.6030865663274106,7.0,0.30952380952380953,post_less_deficient
