patient_id,pre_deficiency_score,post_deficiency_score,delta_deficiency_score,abs_delta_deficiency_score,direction,delta_innate_adaptive_ratio,delta_lectin_complement,delta_cgas_sting,delta_isg_sum
2,0.3637992864717464,1.768336710209574,1.4045374237378274,1.4045374237378274,worsened,1.1996400566541467,-5344.0,39668.0,60706.0
7,0.2497981081509403,0.2768891261949993,0.027091018044058973,0.027091018044058973,worsened,-0.3192051492529582,-3196.0,-4313.0,-3777.0
5,0.0334915416688413,-0.4031423321028415,-0.43663387377168283,0.43663387377168283,improved,0.19407547696671568,16681.0,6663.0,-1476.0
9,0.007273793810978,0.0335174243838468,0.026243630572868798,0.026243630572868798,worsened,0.13445953695439972,-4917.0,-5049.0,-1449.0
8,-0.081452658353102,0.042827492609913,0.12428015096301501,0.12428015096301501,worsened,-0.29813350763908897,-1776.0,-109.0,1847.0
6,-0.1674429799788624,0.1995726504786045,0.3670156304574669,0.3670156304574669,worsened,-1.7568196624407153,-6121.0,-3857.0,-2598.0
4,-0.4004894107528658,-0.8425353778162951,-0.44204596706342925,0.44204596706342925,improved,-0.03864237221686473,4435.0,-9383.0,-12901.0
1,-0.6274169845283862,0.3453802437781647,0.9727972283065509,0.9727972283065509,worsened,-3.6439192607145783,-7598.0,6556.0,4949.0
3,-0.6607576694127801,-0.0583222055427283,0.6024354638700519,0.6024354638700519,worsened,-1.715660536436019,-34598.0,-27274.0,-19289.0
