patient,pre_deficiency_score,post_deficiency_score,delta_deficiency_score,abs_delta_deficiency_score,direction
Patient_5,0.5883695583373355,-0.2273176428900185,-0.8156872012273539,0.8156872012273539,improved
Patient_2,0.5270915902840144,0.4287285140882152,-0.0983630761957992,0.0983630761957992,improved
Patient_3,0.322947906895166,-1.5441726143995034,-1.8671205212946693,1.8671205212946693,improved
Patient_4,-0.2313196359413065,-0.0182487499720169,0.2130708859692896,0.2130708859692896,worsened
Patient_1,-0.4198405884165014,-0.8671735073050213,-0.4473329188885199,0.4473329188885199,improved
