gene,data_source,n_pans,n_control,mean_pans,mean_control,fold_change,U_statistic,p_value,rank_biserial_r,direction
MBL2,bulk,9,10,0.2222222222222222,0.1,2.222222222222222,46.0,0.9389592223257386,-0.022222222222222143,pans_higher
MASP1,bulk,9,10,1.7777777777777777,0.9,1.9753086419753085,55.0,0.40873145494327534,-0.22222222222222232,pans_higher
MASP2,bulk,9,10,0.5555555555555556,0.7,0.7936507936507937,44.5,1.0,0.011111111111111072,pans_lower
FCN1,bulk,9,10,22568.666666666668,16124.5,1.3996506351618139,63.0,0.15304188415882009,-0.3999999999999999,pans_higher
FCN2,bulk,9,10,0.5555555555555556,0.5,1.1111111111111112,43.0,0.8861395177743155,0.0444444444444444,pans_higher
FCN3,bulk,9,10,0.4444444444444444,0.5,0.8888888888888888,50.0,0.6345123656836908,-0.11111111111111116,pans_lower
COLEC11,bulk,9,10,3.6666666666666665,2.4,1.5277777777777777,49.5,0.7397518955670814,-0.10000000000000009,pans_higher
