domain,operating_point,threshold,specificity,sensitivity,n_total,n_fp,n_tn,n_tp,n_fn,fp_rate
crc,spec_90pct,0.5955449396678811,0.8870967741935484,0.6779661016949152,121,7,55,40,19,0.11290322580645161
