domain,operating_point,threshold,specificity,sensitivity,n_total,n_fp,n_tn,n_tp,n_fn,fp_rate
crc,spec_90pct,0.48244707691395,0.8888888888888888,0.8798701298701299,353,5,40,271,37,0.1111111111111111
