{
  "extraction": {
    "domain": "composer_sepsis",
    "operating_point": "spec_95pct",
    "threshold": 0.893474295735359,
    "specificity": 0.9497716894977168,
    "sensitivity": 0.46774193548387094,
    "n_total": 500,
    "n_fp": 22,
    "n_tn": 416,
    "n_tp": 29,
    "n_fn": 33,
    "fp_rate": 0.0502283105022831
  },
  "features_compared": [
    "mean_score",
    "std_score",
    "n_timepoints",
    "n_alerts",
    "early_score",
    "late_score",
    "score_trend",
    "peak_fraction"
  ],
  "confidence": {
    "false_positives": {
      "mean": 0.9197116114876487,
      "std": 0.016237138168601204,
      "median": 0.9177657961845397,
      "p25": 0.9057410210371017,
      "p75": 0.9327834993600844,
      "min": 0.8964804410934448,
      "max": 0.9514056444168091,
      "n": 22
    },
    "true_negatives": {
      "mean": 0.5407445137568104,
      "std": 0.2318324700345573,
      "median": 0.5556817650794983,
      "p25": 0.35132449865341187,
      "p75": 0.7462170720100402,
      "min": 0.0851571261882782,
      "max": 0.8929437994956969,
      "n": 416
    },
    "true_positives": {
      "mean": 0.9264716506004333,
      "std": 0.020512346392867645,
      "median": 0.9233166575431824,
      "p25": 0.9142065048217772,
      "p75": 0.9441292285919188,
      "min": 0.8943376541137696,
      "max": 0.9615684747695923,
      "n": 29
    },
    "false_negatives": {
      "mean": 0.7459282179673513,
      "std": 0.12899841094167033,
      "median": 0.7793629169464112,
      "p25": 0.6591021418571472,
      "p75": 0.8384008407592772,
      "min": 0.3088971674442291,
      "max": 0.8866861462593079,
      "n": 33
    }
  },
  "significant_features": [
    {
      "feature": "mean_score",
      "fp_mean": 0.6388544377518923,
      "fp_std": 0.129832821401128,
      "fp_median": 0.6098544895097061,
      "fp_n": 22,
      "tn_mean": 0.2866774642831337,
      "tn_std": 0.17285936810200306,
      "tn_median": 0.2463977147241252,
      "tn_n": 416,
      "mean_diff": 0.35217697346875865,
      "cohens_d": 2.3038059632431818,
      "t_statistic": 12.165496664754825,
      "t_pvalue": 5.033257863765913e-12,
      "ks_statistic": 0.7692307692307693,
      "ks_pvalue": 2.812204697161476e-13
    },
    {
      "feature": "late_score",
      "fp_mean": 0.6548181561052052,
      "fp_std": 0.20092297675580909,
      "fp_median": 0.6710723614742776,
      "fp_n": 22,
      "tn_mean": 0.27541423167611,
      "tn_std": 0.18902259035057334,
      "tn_median": 0.21978615298867227,
      "tn_n": 416,
      "mean_diff": 0.3794039244290952,
      "cohens_d": 1.9450272053961786,
      "t_statistic": 8.656663627254522,
      "t_pvalue": 1.0759388110397665e-08,
      "ks_statistic": 0.6761363636363636,
      "ks_pvalue": 6.338181899015311e-10
    },
    {
      "feature": "early_score",
      "fp_mean": 0.5845783699417786,
      "fp_std": 0.22699908759600185,
      "fp_median": 0.6358699647798425,
      "fp_n": 22,
      "tn_mean": 0.3011723057461301,
      "tn_std": 0.18632468512946115,
      "tn_median": 0.25367821554342906,
      "tn_n": 416,
      "mean_diff": 0.2834060641956485,
      "cohens_d": 1.3647590404383043,
      "t_statistic": 5.754319231761402,
      "t_pvalue": 7.935369537057305e-06,
      "ks_statistic": 0.5445804195804196,
      "ks_pvalue": 2.4976542856450426e-06
    },
    {
      "feature": "std_score",
      "fp_mean": 0.19815641553564645,
      "fp_std": 0.08023034643633097,
      "fp_median": 0.1891005225861092,
      "fp_n": 22,
      "tn_mean": 0.11422685234190016,
      "tn_std": 0.05584938798043466,
      "tn_median": 0.11310780818519725,
      "tn_n": 416,
      "mean_diff": 0.08392956319374628,
      "cohens_d": 1.2142006668112497,
      "t_statistic": 4.844991556526959,
      "t_pvalue": 7.594255911956481e-05,
      "ks_statistic": 0.597027972027972,
      "ks_pvalue": 1.279423229750282e-07
    },
    {
      "feature": "n_alerts",
      "fp_mean": 5.909090909090909,
      "fp_std": 3.803620967911033,
      "fp_median": 5.0,
      "fp_n": 22,
      "tn_mean": 9.45673076923077,
      "tn_std": 8.952245616354194,
      "tn_median": 7.0,
      "tn_n": 416,
      "mean_diff": -3.547639860139861,
      "cohens_d": -0.5158049021020926,
      "t_statistic": -3.8473541131135747,
      "t_pvalue": 0.00048506238136028317,
      "ks_statistic": 0.2504370629370629,
      "ks_pvalue": 0.1212642960983479
    },
    {
      "feature": "n_timepoints",
      "fp_mean": 48.13636363636363,
      "fp_std": 24.936673040677707,
      "fp_median": 44.0,
      "fp_n": 22,
      "tn_mean": 34.88942307692308,
      "tn_std": 21.08599223612729,
      "tn_median": 28.0,
      "tn_n": 416,
      "mean_diff": 13.246940559440553,
      "cohens_d": 0.5736658080728354,
      "t_statistic": 2.445844694417537,
      "t_pvalue": 0.0226660811801992,
      "ks_statistic": 0.2847465034965035,
      "ks_pvalue": 0.05406491620961489
    }
  ],
  "large_effect_features": [
    {
      "feature": "mean_score",
      "fp_mean": 0.6388544377518923,
      "fp_std": 0.129832821401128,
      "fp_median": 0.6098544895097061,
      "fp_n": 22,
      "tn_mean": 0.2866774642831337,
      "tn_std": 0.17285936810200306,
      "tn_median": 0.2463977147241252,
      "tn_n": 416,
      "mean_diff": 0.35217697346875865,
      "cohens_d": 2.3038059632431818,
      "t_statistic": 12.165496664754825,
      "t_pvalue": 5.033257863765913e-12,
      "ks_statistic": 0.7692307692307693,
      "ks_pvalue": 2.812204697161476e-13
    },
    {
      "feature": "late_score",
      "fp_mean": 0.6548181561052052,
      "fp_std": 0.20092297675580909,
      "fp_median": 0.6710723614742776,
      "fp_n": 22,
      "tn_mean": 0.27541423167611,
      "tn_std": 0.18902259035057334,
      "tn_median": 0.21978615298867227,
      "tn_n": 416,
      "mean_diff": 0.3794039244290952,
      "cohens_d": 1.9450272053961786,
      "t_statistic": 8.656663627254522,
      "t_pvalue": 1.0759388110397665e-08,
      "ks_statistic": 0.6761363636363636,
      "ks_pvalue": 6.338181899015311e-10
    },
    {
      "feature": "early_score",
      "fp_mean": 0.5845783699417786,
      "fp_std": 0.22699908759600185,
      "fp_median": 0.6358699647798425,
      "fp_n": 22,
      "tn_mean": 0.3011723057461301,
      "tn_std": 0.18632468512946115,
      "tn_median": 0.25367821554342906,
      "tn_n": 416,
      "mean_diff": 0.2834060641956485,
      "cohens_d": 1.3647590404383043,
      "t_statistic": 5.754319231761402,
      "t_pvalue": 7.935369537057305e-06,
      "ks_statistic": 0.5445804195804196,
      "ks_pvalue": 2.4976542856450426e-06
    },
    {
      "feature": "std_score",
      "fp_mean": 0.19815641553564645,
      "fp_std": 0.08023034643633097,
      "fp_median": 0.1891005225861092,
      "fp_n": 22,
      "tn_mean": 0.11422685234190016,
      "tn_std": 0.05584938798043466,
      "tn_median": 0.11310780818519725,
      "tn_n": 416,
      "mean_diff": 0.08392956319374628,
      "cohens_d": 1.2142006668112497,
      "t_statistic": 4.844991556526959,
      "t_pvalue": 7.594255911956481e-05,
      "ks_statistic": 0.597027972027972,
      "ks_pvalue": 1.279423229750282e-07
    },
    {
      "feature": "n_alerts",
      "fp_mean": 5.909090909090909,
      "fp_std": 3.803620967911033,
      "fp_median": 5.0,
      "fp_n": 22,
      "tn_mean": 9.45673076923077,
      "tn_std": 8.952245616354194,
      "tn_median": 7.0,
      "tn_n": 416,
      "mean_diff": -3.547639860139861,
      "cohens_d": -0.5158049021020926,
      "t_statistic": -3.8473541131135747,
      "t_pvalue": 0.00048506238136028317,
      "ks_statistic": 0.2504370629370629,
      "ks_pvalue": 0.1212642960983479
    },
    {
      "feature": "n_timepoints",
      "fp_mean": 48.13636363636363,
      "fp_std": 24.936673040677707,
      "fp_median": 44.0,
      "fp_n": 22,
      "tn_mean": 34.88942307692308,
      "tn_std": 21.08599223612729,
      "tn_median": 28.0,
      "tn_n": 416,
      "mean_diff": 13.246940559440553,
      "cohens_d": 0.5736658080728354,