drug,mechanism,cancer_type,cohens_d,p_value,n_msi,n_mss,median_sens_msi,median_sens_mss,fdr
IACS-10759,OXPHOS Complex I inhibitor,Pan-cancer (pooled),-0.203,0.17863848935662752,48,840,-1.316,-1.2026,0.3639945146836156
IACS-10759,OXPHOS Complex I inhibitor,Bowel,-0.0106,0.753464595142203,16,27,-1.2379,-1.2013,0.7846594944006001
IACS-10759,OXPHOS Complex I inhibitor,Uterus,-0.7639,0.22623434975083556,9,25,-1.143,-1.0654,0.3639945146836156
tigecycline,Mitochondrial ribosome inhibitor (tetracycline),Pan-cancer (pooled),-0.2062,0.12119340403143525,48,840,-0.2163,-0.1207,0.3639945146836156
tigecycline,Mitochondrial ribosome inhibitor (tetracycline),Bowel,-0.2845,0.24266300978907707,16,27,-0.2163,-0.0807,0.3639945146836156
tigecycline,Mitochondrial ribosome inhibitor (tetracycline),Uterus,0.1623,0.7846594944006001,9,25,-0.0436,-0.2054,0.7846594944006001
