,top_subtype,fold_change,p
PPP5C,ChAT_CIN,1.4242150792502652,0.21629057789546008
EXOC1,PTHLH,1.1171728942937302,0.15128904516080904
GXYLT1,PTHLH,1.4768307987321543,0.2501066169419326
SLITRK1,ChAT_CIN,2.76376191293364,0.050177608114117755
NRXN1,CR,1.4320135837285621,2.6217726300354147e-65
CNTN6,ChAT_CIN,2.299570648657351,0.07733500761304189
BRPF1,CR,1.1932604420630164,1.0
KMT2C,PV_FSI,1.0656945436248468,1.65354566747432e-06
SMARCA2,PTHLH,1.294112844747793,2.5498467775057928e-05
