feature,fp_mean,fp_std,fp_median,fp_n,tn_mean,tn_std,tn_median,tn_n,mean_diff,cohens_d,t_statistic,t_pvalue,ks_statistic,ks_pvalue
mean_score,0.6388544377518923,0.129832821401128,0.6098544895097061,22,0.2866774642831337,0.17285936810200306,0.2463977147241252,416,0.35217697346875865,2.3038059632431818,12.165496664754825,5.033257863765913e-12,0.7692307692307693,2.812204697161476e-13
late_score,0.6548181561052052,0.20092297675580909,0.6710723614742776,22,0.27541423167611,0.18902259035057334,0.21978615298867227,416,0.3794039244290952,1.9450272053961786,8.656663627254522,1.0759388110397665e-08,0.6761363636363636,6.338181899015311e-10
early_score,0.5845783699417786,0.22699908759600185,0.6358699647798425,22,0.3011723057461301,0.18632468512946115,0.25367821554342906,416,0.2834060641956485,1.3647590404383043,5.754319231761402,7.935369537057305e-06,0.5445804195804196,2.4976542856450426e-06
std_score,0.19815641553564645,0.08023034643633097,0.1891005225861092,22,0.11422685234190016,0.05584938798043466,0.11310780818519725,416,0.08392956319374628,1.2142006668112497,4.844991556526959,7.594255911956481e-05,0.597027972027972,1.279423229750282e-07
n_alerts,5.909090909090909,3.803620967911033,5.0,22,9.45673076923077,8.952245616354194,7.0,416,-3.547639860139861,-0.5158049021020926,-3.8473541131135747,0.00048506238136028317,0.2504370629370629,0.1212642960983479
n_timepoints,48.13636363636363,24.936673040677707,44.0,22,34.88942307692308,21.08599223612729,28.0,416,13.246940559440553,0.5736658080728354,2.445844694417537,0.0226660811801992,0.2847465034965035,0.05406491620961489
score_trend,0.07023978616342676,0.3357854046519481,0.037022199419637525,22,-0.025758074070020006,0.16483622070508708,-0.028343240541765125,416,0.09599786023344677,0.36293786462125616,1.3324815541676789,0.19662871425047426,0.25590034965034963,0.10727169066671889
peak_fraction,0.4298659875550838,0.30097960222384135,0.3705784436121515,22,0.3680095113778562,0.3275497410708938,0.27525252525252525,416,0.061856476177227615,0.1966536026309762,0.935120569922772,0.3591539385211571,0.21000874125874125,0.27335772238760186
