feature,fp_mean,fp_std,fp_median,fp_n,tn_mean,tn_std,tn_median,tn_n,mean_diff,cohens_d,t_statistic,t_pvalue,ks_statistic,ks_pvalue
prot_CXCL8,266.15014285714284,113.81352101343755,263.866,7,822.1827272727272,491.99001685209834,737.83,55,-556.0325844155843,-1.5571792154436308,-7.032480842193379,1.2981060584694477e-08,0.7090909090909091,0.0014777098133943913
prot_SEPT9,24822.785714285714,4155.66743593556,23710.1,7,20722.04,3970.9794819601057,21190.4,55,4100.745714285713,1.0089492473567063,2.471142729598041,0.040699682983262285,0.4597402597402597,0.10101690262920153
prot_S100A4,38722.142857142855,5406.795345321522,36481.0,7,34207.219999999994,4441.597740820217,34317.1,55,4514.922857142861,0.9125132689372601,2.1201512729061642,0.07132156379071543,0.43896103896103894,0.13497289828327086
prot_TIMP1,8843.118571428571,3675.1352970034923,7066.32,7,6462.680000000002,1679.6246472693879,6586.48,55,2380.438571428569,0.8331221741835685,1.6913578911801277,0.1391870658700603,0.43636363636363634,0.14185140675927857
prot_MMP9,4461.988142857143,2844.282457170433,4824.62,7,2996.4001090909096,1525.067213657953,2830.23,55,1465.5880337662338,0.6422160591497987,1.3390124154323138,0.22585262297102504,0.44415584415584414,0.11925480051336391
prot_ERBB2,13.159571428571429,5.631996478962644,13.2598,7,16.103710727272727,13.136580015632605,12.5558,55,-2.944139298701298,-0.2913068751423784,-1.0631383238712908,0.3032012008999694,0.2935064935064935,0.5606625893242048
prot_SPP1,8.735978428571428,17.797559403438736,2.19137,7,12.685110872727268,13.955542863813056,4.96121,55,-3.9491324441558397,-0.24693889842739947,-0.5653659894651805,0.5895491421762128,0.5116883116883116,0.05150789386412281
cv_fold,2.142857142857143,1.5735915849388864,3.0,7,1.9272727272727272,1.4253595446938403,2.0,55,0.21558441558441555,0.14359790352235174,0.3449105260821637,0.7398740713710782,0.2077922077922078,0.8994472164963176
