gas_epitope_start	gas_epitope_end	gas_epitope_seq	gas_epitope_score	human_epitope_start	human_epitope_end	human_epitope_seq	human_epitope_score	cross_reactivity_score
75	85	EKVSANGKEYT	0.5798827469626803	130	137	DSQRQATK	0.5806807814730025	0.5802817642178414
75	85	EKVSANGKEYT	0.5798827469626803	226	235	KHGKDLSGNK	0.5835262930858545	0.5817045200242674
75	85	EKVSANGKEYT	0.5798827469626803	468	475	ATDRSTGK	0.5908418080278804	0.5853622774952804
75	85	EKVSANGKEYT	0.5798827469626803	504	511	KAEDEAQR	0.579888837519224	0.5798857922409522
236	243	AEKAKKDL	0.5740784798751183	130	137	DSQRQATK	0.5806807814730025	0.5773796306740604
236	243	AEKAKKDL	0.5740784798751183	226	235	KHGKDLSGNK	0.5835262930858545	0.5788023864804863
236	243	AEKAKKDL	0.5740784798751183	468	475	ATDRSTGK	0.5908418080278804	0.5824601439514994
236	243	AEKAKKDL	0.5740784798751183	504	511	KAEDEAQR	0.579888837519224	0.5769836586971712
327	337	TGKEPNKSVNP	0.6202505782882043	130	137	DSQRQATK	0.5806807814730025	0.6004656798806034
327	337	TGKEPNKSVNP	0.6202505782882043	226	235	KHGKDLSGNK	0.5835262930858545	0.6018884356870293
327	337	TGKEPNKSVNP	0.6202505782882043	468	475	ATDRSTGK	0.5908418080278804	0.6055461931580424
327	337	TGKEPNKSVNP	0.6202505782882043	504	511	KAEDEAQR	0.579888837519224	0.6000697079037142
