gas_epitope_start	gas_epitope_end	gas_epitope_seq	gas_epitope_score	human_epitope_start	human_epitope_end	human_epitope_seq	human_epitope_score	cross_reactivity_score
227	235	RDCSLQRHN	0.5612106813339348	135	144	HGEDQSDQCL	0.5932344870099494	0.577222584171942
227	235	RDCSLQRHN	0.5612106813339348	185	193	RREAKKSFN	0.5821337321172237	0.5716722067255793
227	235	RDCSLQRHN	0.5612106813339348	361	368	PRADPSTR	0.5907763677557276	0.5759935245448312
