gas_epitope_start	gas_epitope_end	gas_epitope_seq	gas_epitope_score	human_epitope_start	human_epitope_end	human_epitope_seq	human_epitope_score	cross_reactivity_score
227	235	RDCSLQRNN	0.5702029895700912	135	144	HGEDQSDQCL	0.5932344870099494	0.5817187382900203
227	235	RDCSLQRNN	0.5702029895700912	185	193	RREAKKSFN	0.5821337321172237	0.5761683608436574
227	235	RDCSLQRNN	0.5702029895700912	361	368	PRADPSTR	0.5907763677557276	0.5804896786629095
