domain,operating_point,threshold,specificity,sensitivity,n_total,n_fp,n_tn,n_tp,n_fn,fp_rate
crc,spec_95pct,0.7120907941638693,0.9354838709677419,0.5423728813559322,121,4,58,32,27,0.06451612903225806
