domain,operating_point,threshold,specificity,sensitivity,n_total,n_fp,n_tn,n_tp,n_fn,fp_rate
crc,spec_95pct,0.49522304275681533,0.9333333333333333,0.8733766233766234,353,3,42,269,39,0.06666666666666667
