human_accession	best_pident	best_bitscore	best_phase_weight	best_weighted_bitscore	best_qcovhsp	known_target	human_gene	best_epitope_score	max_epitope_pairs	mean_epitope_score	best_mhc_score	max_mhc_cross_pairs	alleles_with_hits	serotype_count	conservation_score	mean_bitscore	mean_pident	norm_epitope	norm_mhc	norm_conservation	norm_identity	norm_coverage	norm_phase	norm_known	composite_score
B4DHP5	49.3	442.0	2.0	884.0	80.3	False		0.6055	12	0.6055	6.0	196	15	6	1.0	439.5	49.23333333333333	1.0	1.0	1.0	0.7745098039215683	0.7928240740740741	1.0	0.0	0.8454588779956427
P09104	49.1	394.0	1.0	394.0	97.2	False	ENO2	0.5802	2	0.5802	5.9	294	15	6	1.0	394.0	49.1	0.9582163501238646	0.9833333333333334	1.0	0.7549019607843138	0.9884259259259259	0.3333333333333333	0.0	0.7837211567350127
B4DHW5	47.4	345.0	1.0	345.0	83.7	False		0.5817	3	0.5799000000000001	5.8	196	15	6	1.0	342.3333333333333	47.05	0.960693641618497	0.9666666666666667	1.0	0.5882352941176469	0.8321759259259259	0.3333333333333333	0.0	0.7402582817006057
P04406	46.3	267.0	1.0	267.0	98.2	True	GAPDH	0.0	0	0.0	5.05	266	15	6	1.0	267.0	46.29999999999999	0.0	0.8416666666666667	1.0	0.48039215686274483	1.0	0.3333333333333333	1.0	0.6237254901960784
B4DHP7	47.3	80.9	1.0	80.9	24.5	False		0.0	0	0.0	5.3	14	18	6	1.0	80.9	47.29999999999999	0.0	0.8833333333333333	1.0	0.5784313725490193	0.14699074074074073	0.3333333333333333	0.0	0.46146377995642696
P62333	41.4	172.0	1.0	172.0	34.3	False	PSMC6	0.0	0	0.0	5.6	147	15	6	1.0	171.16666666666666	41.4	0.0	0.9333333333333332	1.0	0.0	0.26041666666666663	0.3333333333333333	0.0	0.3960416666666667
B4DHZ4	51.6	34.3	1.0	34.3	11.8	False		0.0	0	0.0	0.0	0	0	1	0.1666666666666666	34.3	51.6	0.0	0.0	0.1666666666666666	1.0	0.0	0.3333333333333333	0.0	0.20833333333333331
Q5TCS8	42.9	35.4	1.0	35.4	24.8	False	AK9	0.0	0	0.0	0.0	0	0	2	0.3333333333333333	35.4	42.9	0.0	0.0	0.3333333333333333	0.14705882352941171	0.15046296296296297	0.3333333333333333	0.0	0.12043845315904139
