cancer_type,cohens_d,fdr,sl_rank,eligible_patients_year
Breast,-1.72754962697287,0.0029565574371889,1,10163
Soft Tissue,-1.0519284544339038,0.039525140309225,3,1289
Ovary/Fallopian Tube,-0.8982070005283117,0.1233462871121502,5,516
Kidney,-0.8516199077336305,0.193053116379523,6,1344
Myeloid,-0.6417156519187834,0.10461604757423,9,124
Liver,-0.6176797861673837,0.3529707007967877,10,1134
