cluster_id,n_samples,cv_fold_mean,cv_fold_std,prot_MMP9_mean,prot_MMP9_std,prot_CXCL8_mean,prot_CXCL8_std,prot_S100A4_mean,prot_S100A4_std,prot_TIMP1_mean,prot_TIMP1_std,prot_SEPT9_mean,prot_SEPT9_std,prot_ERBB2_mean,prot_ERBB2_std,prot_SPP1_mean,prot_SPP1_std
0,5,1.6,1.51657508881031,4314.7434,3113.7415012558126,210.061,58.6587512823108,40347.86,5534.011420118321,9185.778,4395.781889859868,22897.560000000005,3025.065454333179,10.982400000000002,4.465660077189037,2.0520658,0.8705419221371248
1,2,3.5,0.7071067811865476,4830.1,3062.4653271833135,406.373,94.35491466797052,34657.85,2578.3234562405105,7986.47,1301.2886094176042,29635.85,1466.1859107903063,18.6025,5.253237698791098,25.44576,33.401801012807674
