auroc,auprc,balanced_accuracy,sensitivity,specificity,best_epoch,outer_fold,best_inner_fold,best_inner_auroc,n_train,n_test
1.0,1.0000000000000002,1.0,1.0,1.0,0,0,0,1.0,1308,328
1.0,0.9999999999999998,1.0,1.0,1.0,0,1,0,1.0,1309,327
1.0,1.0000000000000002,1.0,1.0,1.0,0,2,0,1.0,1309,327
1.0,1.0000000000000002,1.0,1.0,1.0,0,3,0,1.0,1309,327
1.0,1.0000000000000004,1.0,1.0,1.0,0,4,0,1.0,1309,327
