comparison,n_group1,n_group2,median_group1,median_group2,mean_group1,mean_group2,cohens_d,ci_lower,ci_upper,mann_whitney_p
CCNE1-amp vs non-amp (all),30,1096,-1.1994,-0.7247,-1.2628,-0.7694,-1.3515,-2.0444,-0.6579,4.124255538180546e-05
RB1-loss vs intact (all),306,820,-0.8343,-0.6898,-0.9214,-0.7308,-0.5239,-0.6835,-0.3789,2.923365676488384e-10
Double-hit (RB1-loss+CCNE1-amp) vs neither,15,805,-1.5683,-0.6849,-1.4845,-0.725,-2.2802,-3.493,-1.0621,0.0010190052652587584
Double-hit vs RB1-loss only,15,291,-1.5683,-0.8297,-1.4845,-0.8923,-1.3375,-2.4423,-0.346,0.011548716243584277
Double-hit vs CCNE1-amp only,15,15,-1.5683,-1.0575,-1.4845,-1.041,-0.654,-1.5196,-0.0151,0.14657603430900065
CCNE1-amp only vs neither,15,805,-1.0575,-0.6849,-1.041,-0.725,-0.9939,-1.7043,-0.3817,0.001621002883235283
RB1-loss only vs neither,291,805,-0.8297,-0.6849,-0.8923,-0.725,-0.4866,-0.6269,-0.3324,1.28880567762308e-09
