cancer_type,gene,cohens_d,p_value,n_del,n_intact,median_dep_del,median_dep_intact,fdr
Lung,ARF4,-1.1261,6.1625282459148055e-06,34,65,-0.9113,-0.4388,0.03401003595674675
Lung,CDKN2B,1.2204,5.9542736911915095e-09,34,63,0.1948,0.0331,0.00010676608155675496
Lung,E2F3,0.9076,9.981565183318068e-06,34,65,-0.2594,-0.4677,0.035795889060415254
Lung,MRPL41,0.9668,6.1625282459148055e-06,34,65,-0.5056,-0.7817,0.03401003595674675
Lung,MRPS23,0.9221,7.5868687650988244e-06,34,65,-0.61,-0.9241,0.03401003595674675
