analyte,k,pooled_g,se,ci_lower,ci_upper,p_value,i_sq,tau_sq,q_stat,q_p_value,significant,direction
IFN-γ,3,1.6287804718318752,0.18088290770086332,1.274249972738183,1.9833109709255674,0.0,0.0,0.0,1.1859018052718902,0.5526939300094368,True,up
IL-1β,4,1.8832216546346354,0.16988282544889943,1.5502513167547924,2.2161919925144784,0.0,0.0,0.0,1.6040303964724925,0.6584762999965379,True,up
IL-6,5,1.692631574269852,0.14925120927233743,1.4000992040960705,1.9851639444436333,0.0,0.0,0.0,1.826288778516322,0.7676693105917856,True,up
TNF-α,5,1.5596597256247389,0.15838708550225042,1.2492210380403281,1.8700984132091496,0.0,13.874709728796999,0.017440462039181034,4.644396538350416,0.3257674238201068,True,up
IL-10,3,-0.6628654940124048,0.170343632166919,-0.996739013059566,-0.32899197496524357,9.969090282835325e-05,0.0,0.0,0.9012567070077482,0.6372276215889361,True,down
