cancer_type,gene,n_msi,n_mss,cohens_d,ci_lower,ci_upper,pvalue,permutation_p,loo_robust,loo_min_abs_d,median_dep_msi,median_dep_mss,fdr,classification
Uterus,BLM,8,26,-0.3207,-1.1853,0.5864,0.7052774908235223,0.4423,True,0.3207,-0.2099,-0.2301,0.9207870764175154,NOT_SIGNIFICANT
Uterus,RECQL,8,26,0.1086,-0.8901,0.9593,0.9207870764175154,0.7886,True,0.1086,0.0204,0.0291,0.9207870764175154,NOT_SIGNIFICANT
Bowel,BLM,12,51,-0.0986,-0.6967,0.4675,0.6178852154163545,0.755,True,0.0986,-0.2268,-0.139,0.9207870764175154,NOT_SIGNIFICANT
Bowel,RECQL,12,51,-0.4874,-1.1344,0.1286,0.13451056043699108,0.1323,True,0.4874,0.0489,0.0805,0.5380422417479643,NOT_SIGNIFICANT
Pan-cancer (pooled),BLM,44,1142,-0.1031,-0.3927,0.2095,0.5422936801550459,0.4941,True,0.0435,-0.1961,-0.1822,0.5422936801550459,NOT_SIGNIFICANT
Pan-cancer (pooled),RECQL,44,1142,-0.2002,-0.4946,0.0682,0.3463360589191814,0.1919,True,0.141,0.0594,0.0562,0.5422936801550459,NOT_SIGNIFICANT
