cancer_type,gene,n_msi,n_mss,cohens_d,ci_lower,ci_upper,pvalue,permutation_p,loo_robust,loo_min_abs_d,median_dep_msi,median_dep_mss,fdr,classification
Uterus,WRN,8,26,-1.086,-2.0563,-0.25,0.024752090249701972,0.0125,True,0.7678,-0.8015,-0.1216,0.049504180499403944,ROBUST
Uterus,WRNIP1,8,26,0.2176,-0.7041,1.1746,0.5905928353746189,0.5939,True,0.0021,0.0687,0.0414,0.7861570254661502,NOT_SIGNIFICANT
Bowel,WRN,12,51,-2.8441,-5.2895,-1.7595,2.78747108466298e-07,0.0001,True,2.739,-1.8086,-0.103,1.114988433865192e-06,ROBUST
Bowel,WRNIP1,12,51,0.0525,-0.4902,0.6263,0.7861570254661502,0.8672,True,0.0005,0.0488,0.0347,0.7861570254661502,NOT_SIGNIFICANT
Pan-cancer (pooled),WRN,44,1142,-2.8334,-3.7646,-2.0277,6.8947057476323415e-12,0.0001,True,2.7208,-0.5985,-0.1309,1.3789411495264683e-11,ROBUST
Pan-cancer (pooled),WRNIP1,44,1142,0.0728,-0.168,0.2921,0.44427557038896925,0.6389,True,0.033,0.0548,0.0367,0.44427557038896925,NOT_SIGNIFICANT
