Panel,N_features,AUC,Sensitivity_at_95spec,Sensitivity_Youden,Specificity_Youden,Cost_USD
Combined (protein),7,0.8881902679059596,0.6440677966101694,0.8135593220338984,0.8709677419354839,105.0
All proteins,15,0.8881902679059595,0.6610169491525424,0.7966101694915254,0.9032258064516129,225.0
SEPT9 alone,1,0.6940951339529798,0.3898305084745763,0.5423728813559322,0.8225806451612903,15.0
Methylation only (cfDNA),50,1.0,1.0,1.0,1.0,3750.0
