{
  "optimal_panel": {
    "C": 0.011288378916846888,
    "n_features": 12,
    "n_methylation": 12,
    "n_protein": 0,
    "features": [
      "meth_cg21900495",
      "meth_cg00469207",
      "meth_cg11167100",
      "meth_cg21277995",
      "meth_cg19283840",
      "meth_cg16300300",
      "meth_cg12865552",
      "meth_cg08439930",
      "meth_cg03976877",
      "meth_cg15779837",
      "meth_cg20299663",
      "meth_cg06952671"
    ],
    "auc": 1.0,
    "sensitivity_at_95spec": 1.0,
    "estimated_cost_usd": 60.0
  },
  "all_panels": [
    {
      "C": 0.011288378916846888,
      "n_features": 12,
      "n_methylation": 12,
      "n_protein": 0,
      "features": [
        "meth_cg21900495",
        "meth_cg00469207",
        "meth_cg11167100",
        "meth_cg21277995",
        "meth_cg19283840",
        "meth_cg16300300",
        "meth_cg12865552",
        "meth_cg08439930",
        "meth_cg03976877",
        "meth_cg15779837",
        "meth_cg20299663",
        "meth_cg06952671"
      ],
      "auc": 1.0,
      "sensitivity_at_95spec": 1.0,
      "estimated_cost_usd": 60.0
    },
    {
      "C": 0.02069138081114789,
      "n_features": 15,
      "n_methylation": 15,
      "n_protein": 0,
      "features": [
        "meth_cg21900495",
        "meth_cg00469207",
        "meth_cg11167100",
        "meth_cg21277995",
        "meth_cg15336765",
        "meth_cg19283840",
        "meth_cg16300300",
        "meth_cg04747226",
        "meth_cg12865552",
        "meth_cg08439930",
        "meth_cg03976877",
        "meth_cg15779837",
        "meth_cg20299663",
        "meth_cg06952671",
        "meth_cg18044663"
      ],
      "auc": 1.0,
      "sensitivity_at_95spec": 1.0,
      "estimated_cost_usd": 75.0
    },
    {
      "C": 0.0379269019073225,
      "n_features": 16,
      "n_methylation": 16,
      "n_protein": 0,
      "features": [
        "meth_cg21900495",
        "meth_cg00469207",
        "meth_cg11167100",
        "meth_cg21277995",
        "meth_cg15336765",
        "meth_cg19283840",
        "meth_cg16300300",
        "meth_cg04747226",
        "meth_cg12865552",
        "meth_cg10566121",
        "meth_cg08439930",
        "meth_cg03976877",
        "meth_cg15779837",
        "meth_cg20299663",
        "meth_cg06952671",
        "meth_cg18044663"
      ],
      "auc": 1.0,
      "sensitivity_at_95spec": 1.0,
      "estimated_cost_usd": 80.0
    },
    {
      "C": 0.23357214690901212,
      "n_features": 18,
      "n_methylation": 18,
      "n_protein": 0,
      "features": [
        "meth_cg21900495",
        "meth_cg00469207",
        "meth_cg20381963",
        "meth_cg11167100",
        "meth_cg21277995",
        "meth_cg25299895",
        "meth_cg15336765",
        "meth_cg19283840",
        "meth_cg16300300",
        "meth_cg04747226",
        "meth_cg12865552",
        "meth_cg10566121",
        "meth_cg08439930",
        "meth_cg03976877",
        "meth_cg15779837",
        "meth_cg20299663",
        "meth_cg06952671",
        "meth_cg18044663"
      ],
      "auc": 1.0,
      "sensitivity_at_95spec": 1.0,
      "estimated_cost_usd": 90.0
    },
    {
      "C": 4.832930238571752,
      "n_features": 19,
      "n_methylation": 19,
      "n_protein": 0,
      "features": [
        "meth_cg21900495",
        "meth_cg00469207",
        "meth_cg20381963",
        "meth_cg11167100",
        "meth_cg21277995",
        "meth_cg25299895",
        "meth_cg15336765",
        "meth_cg19283840",
        "meth_cg03241244",
        "meth_cg16300300",
        "meth_cg04747226",
        "meth_cg12865552",
        "meth_cg10566121",
        "meth_cg08439930",
        "meth_cg03976877",
        "meth_cg15779837",
        "meth_cg20299663",
        "meth_cg06952671",
        "meth_cg18044663"
      ],
      "auc": 1.0,
      "sensitivity_at_95spec": 1.0,
      "estimated_cost_usd": 95.0
    },
    {
      "C": 29.763514416313193,
      "n_features": 20,
      "n_methylation": 20,
      "n_protein": 0,
      "features": [
        "meth_cg21900495",
        "meth_cg00469207",
        "meth_cg20381963",
        "meth_cg11167100",
        "meth_cg21277995",
        "meth_cg18601167",
        "meth_cg25299895",
        "meth_cg15336765",
        "meth_cg19283840",
        "meth_cg03241244",
        "meth_cg16300300",
        "meth_cg04747226",
        "meth_cg12865552",
        "meth_cg10566121",
        "meth_cg08439930",
        "meth_cg03976877",
        "meth_cg15779837",
        "meth_cg20299663",
        "meth_cg06952671",
        "meth_cg18044663"
      ],
      "auc": 1.0,
      "sensitivity_at_95spec": 1.0,
      "estimated_cost_usd": 100.0
    }
  ],
  "cost_assumptions": {
    "methylation_per_marker_usd": 5.0,
    "protein_per_marker_usd": 15.0
  }
}