{
  "baseline": {
    "auc": 0.871,
    "sens_at_95spec": 0.477,
    "n_markers": 7,
    "markers": [
      "MMP9",
      "CXCL8",
      "S100A4",
      "TIMP1",
      "SEPT9",
      "ERBB2",
      "SPP1"
    ],
    "method": "logistic_regression + GBM ensemble, nested 5-fold CV, n=121"
  },
  "raw_feature_results": {
    "logistic_regression": {
      "auc_mean": 0.8955905205905207,
      "auc_std": 0.05512369947578027,
      "auc_folds": [
        0.8397435897435898,
        0.9020979020979021,
        0.9444444444444444,
        0.8263888888888888,
        0.9652777777777778
      ],
      "sens_at_95spec_mean": 0.5772727272727274,
      "sens_at_95spec_std": 0.20876126848060408,
      "sens_at_95spec_folds": [
        0.3333333333333333,
        0.6363636363636364,
        0.75,
        0.3333333333333333,
        0.8333333333333334
      ]
    },
    "svm_rbf": {
      "auc_mean": 0.8905788655788657,
      "auc_std": 0.04283786501849252,
      "auc_folds": [
        0.891025641025641,
        0.9090909090909091,
        0.9513888888888888,
        0.8194444444444444,
        0.8819444444444444
      ],
      "sens_at_95spec_mean": 0.5272727272727272,
      "sens_at_95spec_std": 0.21128623542066557,
      "sens_at_95spec_folds": [
        0.4166666666666667,
        0.6363636363636364,
        0.75,
        0.16666666666666666,
        0.6666666666666666
      ]
    },
    "random_forest": {
      "auc_mean": 0.8758449883449885,
      "auc_std": 0.041347325399613805,
      "auc_folds": [
        0.858974358974359,
        0.916083916083916,
        0.9305555555555555,
        0.8194444444444444,
        0.8541666666666666
      ],
      "sens_at_95spec_mean": 0.42727272727272725,
      "sens_at_95spec_std": 0.21366322633606824,
      "sens_at_95spec_folds": [
        0.3333333333333333,
        0.6363636363636364,
        0.6666666666666666,
        0.08333333333333333,
        0.4166666666666667
      ]
    },
    "gradient_boosting": {
      "auc_mean": 0.8441919191919192,
      "auc_std": 0.054834748299492884,
      "auc_folds": [
        0.8397435897435896,
        0.8951048951048951,
        0.9166666666666667,
        0.7916666666666666,
        0.7777777777777778
      ],
      "sens_at_95spec_mean": 0.42727272727272736,
      "sens_at_95spec_std": 0.20024090174782566,
      "sens_at_95spec_folds": [
        0.4166666666666667,
        0.6363636363636364,
        0.6666666666666666,
        0.16666666666666666,
        0.25
      ]
    },
    "knn": {
      "auc_mean": 0.8534770784770783,
      "auc_std": 0.10574972100616206,
      "auc_folds": [
        0.8653846153846153,
        0.8881118881118881,
        0.9652777777777778,
        0.6527777777777778,
        0.8958333333333334
      ],
      "sens_at_95spec_mean": 0.5256060606060606,
      "sens_at_95spec_std": 0.22190965161582565,
      "sens_at_95spec_folds": [
        0.6083333333333333,
        0.6363636363636364,
        0.6333333333333333,
        0.08333333333333333,
        0.6666666666666666
      ]
    },
    "calibrated_lr_isotonic": {
      "auc_mean": 0.8781371406371405,
      "auc_std": 0.05183088429387754,
      "auc_folds": [
        0.8461538461538461,
        0.9125874125874126,
        0.9305555555555555,
        0.7916666666666666,
        0.9097222222222222
      ],
      "sens_at_95spec_mean": 0.49393939393939396,
      "sens_at_95spec_std": 0.1850346801931911,
      "sens_at_95spec_folds": [
        0.3333333333333333,
        0.6363636363636364,
        0.5000000000000001,
        0.25,
        0.75
      ]
    },
    "calibrated_gbm_platt": {
      "auc_mean": 0.8395687645687646,
      "auc_std": 0.05268412643574751,
      "auc_folds": [
        0.8653846153846154,
        0.8741258741258742,
        0.9027777777777777,
        0.7638888888888888,
        0.7916666666666667
      ],
      "sens_at_95spec_mean": 0.3106060606060606,
      "sens_at_95spec_std": 0.18948482667713312,
      "sens_at_95spec_folds": [
        0.3333333333333333,
        0.6363636363636364,
        0.3333333333333333,
        0.08333333333333333,
        0.16666666666666666
      ]
    }
  },
  "engineered_feature_results": {
    "logistic_regression": {
      "auc_mean": 0.8901515151515152,
      "auc_std": 0.06382073060162385,
      "auc_folds": [
        0.8333333333333333,
        0.9090909090909092,
        0.9583333333333334,
        0.7986111111111113,
        0.951388888888889
      ],
      "sens_at_95spec_mean": 0.5606060606060607,
      "sens_at_95spec_std": 0.2298340520028638,
      "sens_at_95spec_folds": [
        0.3333333333333333,
        0.6363636363636364,
        0.75,
        0.25,
        0.8333333333333334
      ]
    },
    "svm_rbf": {
      "auc_mean": 0.8880244755244757,
      "auc_std": 0.044207823499757784,
      "auc_folds": [
        0.8782051282051282,
        0.916083916083916,
        0.951388888888889,
        0.8194444444444445,
        0.875
      ],
      "sens_at_95spec_mean": 0.47727272727272724,
      "sens_at_95spec_std": 0.22144031401751646,
      "sens_at_95spec_folds": [
        0.25,
        0.6363636363636364,
        0.6666666666666666,
        0.16666666666666666,
        0.6666666666666666
      ]
    },
    "random_forest": {
      "auc_mean": 0.8564005439005438,
      "auc_std": 0.057555868727219496,
      "auc_folds": [
        0.8589743589743589,
        0.916083916083916,
        0.9236111111111112,
        0.7847222222222223,
        0.798611111111111
      ],
      "sens_at_95spec_mean": 0.3606060606060606,
      "sens_at_95spec_std": 0.2194931133625619,
      "sens_at_95spec_folds": [
        0.25,
        0.6363636363636364,
        0.5,
        0.0,
        0.4166666666666667
      ]
    },
    "gradient_boosting": {
      "auc_mean": 0.855506993006993,
      "auc_std": 0.03990463069990296,
      "auc_folds": [
        0.8269230769230769,
        0.8881118881118881,
        0.9166666666666667,
        0.8125,
        0.8333333333333334
      ],
      "sens_at_95spec_mean": 0.46602272727272726,
      "sens_at_95spec_std": 0.1216330050796311,
      "sens_at_95spec_folds": [
        0.36041666666666666,
        0.6363636363636364,
        0.5833333333333334,
        0.4166666666666667,
        0.3333333333333333
      ]
    },
    "knn": {
      "auc_mean": 0.836013986013986,
      "auc_std": 0.06806219818881713,
      "auc_folds": [
        0.8205128205128206,
        0.7762237762237763,
        0.9652777777777778,
        0.7847222222222223,
        0.8333333333333334
      ],
      "sens_at_95spec_mean": 0.5321590909090909,
      "sens_at_95spec_std": 0.1759242124109035,
      "sens_at_95spec_folds": [
        0.4979166666666667,
        0.45454545454545453,
        0.775,
        0.26666666666666666,
        0.6666666666666666
      ]
    },
    "calibrated_lr_isotonic": {
      "auc_mean": 0.8781080031080031,
      "auc_std": 0.042300460819833186,
      "auc_folds": [
        0.8493589743589745,
        0.9300699300699301,
        0.8888888888888888,
        0.8125,
        0.9097222222222221
      ],
      "sens_at_95spec_mean": 0.534621212121212,
      "sens_at_95spec_std": 0.14456594099152761,
      "sens_at_95spec_folds": [
        0.3875,
        0.7272727272727273,
        0.45,
        0.4166666666666667,
        0.6916666666666667
      ]
    },
    "calibrated_gbm_platt": {
      "auc_mean": 0.8494560994560996,
      "auc_std": 0.05765773126113166,
      "auc_folds": [
        0.8589743589743589,
        0.9160839160839161,
        0.9027777777777779,
        0.7638888888888888,
        0.8055555555555556
      ],
      "sens_at_95spec_mean": 0.3772727272727273,
      "sens_at_95spec_std": 0.14353211918533385,
      "sens_at_95spec_folds": [
        0.3333333333333333,
        0.6363636363636364,
        0.4166666666666667,
        0.25,
        0.25
      ]
    }
  },