domain,operating_point,threshold,specificity,sensitivity,n_total,n_fp,n_tn,n_tp,n_fn,fp_rate
crc,spec_99pct,0.8560428211038635,0.9838709677419355,0.3559322033898305,121,1,61,21,38,0.016129032258064516
