domain,operating_point,threshold,specificity,sensitivity,n_total,n_fp,n_tn,n_tp,n_fn,fp_rate
crc,spec_99pct,0.5441046448296523,0.9777777777777777,0.814935064935065,353,1,44,251,57,0.022222222222222223
