model,auc,balanced_accuracy,sensitivity,specificity,accuracy,precision
elastic_net,0.6,0.49156976744186043,0.5581395348837209,0.425,0.4939759036144578,0.5106382978723404
random_forest,0.7005813953488372,0.6569767441860466,0.813953488372093,0.5,0.6626506024096386,0.6363636363636364
xgboost,0.7113372093023256,0.6203488372093023,0.7906976744186046,0.45,0.6265060240963856,0.6071428571428571
