model,auc,balanced_accuracy,sensitivity,specificity,accuracy,precision
elastic_net,0.9994186046511627,0.9375,1.0,0.875,0.9397590361445783,0.8958333333333334
random_forest,0.8738372093023256,0.8651162790697675,0.9302325581395349,0.8,0.8674698795180723,0.8333333333333334
xgboost,0.8174418604651162,0.713953488372093,0.627906976744186,0.8,0.7108433734939759,0.7714285714285715
