study,n_samples,n_responder,n_non_responder,n_features,auc,balanced_accuracy,sensitivity,specificity,best_params
GSE16879,37,20,17,30,0.6676470588235294,0.5,1.0,0.0,"{'C': 0.01, 'l1_ratio': 0.1}"
GSE12251,23,12,11,30,0.8257575757575758,0.6931818181818181,0.6363636363636364,0.75,"{'C': 0.1, 'l1_ratio': 0.1}"
GSE73661,23,8,15,30,0.6333333333333333,0.5,0.0,1.0,"{'C': 0.1, 'l1_ratio': 0.1}"
