cancer_type,gene,cohens_d,p_value,n_altered,n_wt,median_dep_altered,median_dep_wt,fdr
Pan-cancer (pooled),NFE2L2,-1.7794,7.0827168277985364e-09,46,796,-0.6843,-0.1848,0.00012700019543925557
Lung,NFE2L2,-1.6697,1.8051207959891804e-06,18,87,-0.8898,-0.223,0.03236762099288199
Pan-cancer (pooled),SUCO,-0.8225,1.3525787160109477e-06,46,796,-0.3496,-0.1037,0.011896270202700883
Pan-cancer (pooled),EID3,-0.7433,1.2117616230088097e-05,46,796,-0.0037,0.0762,0.03621349610361828
Pan-cancer (pooled),SLC33A1,-0.7208,2.653788456349536e-06,46,796,-0.3726,-0.1522,0.011896270202700883
