cancer_type,gene,original_d,loo_mean_d,loo_min_d,loo_max_d,loo_std_d,n_loo_tests,stable
Skin,PIK3CB,-1.4970878876381253,-1.505473541844405,-1.7184190309156842,-1.3624871481151595,0.0980764768685783,14,True
Breast,PIK3CB,-2.2287637545985333,-2.3138517510134604,-2.485063897232826,-2.086122429689778,0.13707578860010913,10,True
Breast,PIK3CA,0.9453921746300072,0.9408696808118785,0.8787880875174944,1.1735178905229169,0.08065042208764786,10,True
Lymphoid,PIK3CA,0.7145346734798813,0.7116612703855485,0.6384647981044123,0.8255574906299205,0.04279158322640359,13,True
Lymphoid,AKT2,-1.0733666785057965,-1.0739643023184657,-1.2028949039384835,-0.8882744896944309,0.0814279928569502,13,True
