{
  "nsclc": {
    "label": "NSCLC: PRMT5 dependency by MTAP status",
    "n_deleted": 25,
    "n_intact": 73,
    "median_deleted": -1.3839931743557905,
    "median_intact": -1.0213461646195758,
    "mean_deleted": -1.3818705037073622,
    "mean_intact": -1.0117760710971682,
    "mannwhitney_U": 329.0,
    "mannwhitney_p": 2.021382374206586e-06,
    "cohens_d": -1.1879386158212903,
    "cohens_d_ci_95": [
      -1.7640887187486958,
      -0.6983954505456099
    ]
  },
  "pan_cancer": {
    "label": "Pan-cancer: PRMT5 dependency by MTAP status",
    "n_deleted": 217,
    "n_intact": 613,
    "median_deleted": -1.277707871676777,
    "median_intact": -1.091825184910986,
    "mean_deleted": -1.296206411766818,
    "mean_intact": -1.052800546988447,
    "mannwhitney_U": 42898.0,
    "mannwhitney_p": 7.269743893829018e-15,
    "cohens_d": -0.6882274201114836,
    "cohens_d_ci_95": [
      -0.8485801161273764,
      -0.5311690896277406
    ]
  }
}