human_accession	human_gene	serotype_count	serotypes_list	mean_bitscore	max_bitscore	mean_pident	total_hits	conservation_score	conserved	pandas_serotype_count	non_pandas_serotype_count
B4DHP5		7	M1,M12,M18,M3,M3.93,M49,M5	439.57142857142856	442.0	49.214285714285715	7	1.0	True	6.0	1.0
B4DHP7		7	M1,M12,M18,M3,M3.93,M49,M5	80.9	80.9	47.3	14	1.0	True	6.0	1.0
B4DHW5		7	M1,M12,M18,M3,M3.93,M49,M5	342.7142857142857	345.0	47.1	7	1.0	True	6.0	1.0
P04406	GAPDH	7	M1,M12,M18,M3,M3.93,M49,M5	267.0	267.0	46.3	7	1.0	True	6.0	1.0
P09104	ENO2	7	M1,M12,M18,M3,M3.93,M49,M5	394.0	394.0	49.1	7	1.0	True	6.0	1.0
P62333	PSMC6	7	M1,M12,M18,M3,M3.93,M49,M5	171.14285714285714	172.0	41.4	7	1.0	True	6.0	1.0
Q5TCS8	AK9	2	M18,M5	35.4	35.4	42.9	2	0.2857142857142857	False	2.0	0.0
B4DHZ4		1	M12	34.3	34.3	51.6	1	0.14285714285714285	False	1.0	0.0
