human_accession	human_gene	serotype_count	serotypes_list	mean_bitscore	max_bitscore	mean_pident	total_hits	conservation_score	conserved	pandas_serotype_count	non_pandas_serotype_count
B4DHP5		6	M1,M12,M18,M3,M49,M5	439.5	442.0	49.23333333333333	6	1.0	True	5.0	1.0
B4DHP7		6	M1,M12,M18,M3,M49,M5	80.9	80.9	47.29999999999999	12	1.0	True	5.0	1.0
B4DHW5		6	M1,M12,M18,M3,M49,M5	342.3333333333333	345.0	47.050000000000004	6	1.0	True	5.0	1.0
P04406	GAPDH	6	M1,M12,M18,M3,M49,M5	267.0	267.0	46.29999999999999	6	1.0	True	5.0	1.0
P09104	ENO2	6	M1,M12,M18,M3,M49,M5	394.0	394.0	49.1	6	1.0	True	5.0	1.0
P62333	PSMC6	6	M1,M12,M18,M3,M49,M5	171.16666666666666	172.0	41.4	6	1.0	True	5.0	1.0
Q5TCS8	AK9	2	M18,M5	35.4	35.4	42.9	2	0.3333333333333333	False	2.0	0.0
B4DHZ4		1	M12	34.3	34.3	51.6	1	0.16666666666666666	False	1.0	0.0
