{
  "analyses": [
    {
      "comparison": "Structural vs Contact",
      "n_group1": 68,
      "n_group2": 142,
      "n_significant": 0,
      "key_biology": {
        "MDM4": {
          "cohens_d": -0.1,
          "fdr": 0.9828799212766693,
          "p_value": 0.6754798544360268
        },
        "HSP90AB1": {
          "cohens_d": 0.2411,
          "fdr": 0.8450887597376894,
          "p_value": 0.07041228080129987
        },
        "EP300": {
          "cohens_d": 0.3218,
          "fdr": 0.8275045385960483,
          "p_value": 0.050313403033789485
        },
        "USP7": {
          "cohens_d": -0.1623,
          "fdr": 0.939901393945159,
          "p_value": 0.36985913979571927
        },
        "ATR": {
          "cohens_d": 0.1222,
          "fdr": 0.9113337584573094,
          "p_value": 0.24063417949391397
        },
        "CHEK1": {
          "cohens_d": 0.28,
          "fdr": 0.85641322760883,
          "p_value": 0.07665736603157504
        },
        "CREBBP": {
          "cohens_d": -0.1977,
          "fdr": 0.971619363240063,
          "p_value": 0.5825310297769872
        },
        "MDM2": {
          "cohens_d": 0.0592,
          "fdr": 0.9844375640045762,
          "p_value": 0.6986899089618472
        },
        "HSP90AA1": {
          "cohens_d": -0.1302,
          "fdr": 0.9652908344210035,
          "p_value": 0.5006527667232911
        },
        "WEE1": {
          "cohens_d": 0.0355,
          "fdr": 0.98680522861075,
          "p_value": 0.7294687025394843
        },
        "TP53": {
          "cohens_d": 0.1711,
          "fdr": 0.9588774658832415,
          "p_value": 0.45991358398095084
        }
      }
    },
    {
      "comparison": "R175H vs other TP53-mutant",
      "n_allele": 29,
      "n_other": 766,
      "n_significant": 0,
      "key_biology": {
        "MDM4": {
          "cohens_d": 0.288,
          "fdr": 0.9238806447272142,
          "p_value": 0.035849946920999076
        },
        "HSP90AB1": {
          "cohens_d": 0.2517,
          "fdr": 0.9641225477761958,
          "p_value": 0.1867895449828879
        },
        "EP300": {
          "cohens_d": -0.0308,
          "fdr": 0.9965335340714473,
          "p_value": 0.8915536417969497
        },
        "USP7": {
          "cohens_d": -0.045,
          "fdr": 0.9839893271275432,
          "p_value": 0.582398164176435
        },
        "ATR": {
          "cohens_d": 0.0439,
          "fdr": 0.9804894932204153,
          "p_value": 0.5149094661713578
        },
        "CHEK1": {
          "cohens_d": -0.0135,
          "fdr": 0.9965335340714473,
          "p_value": 0.9000254581535644
        },
        "CREBBP": {
          "cohens_d": -0.3414,
          "fdr": 0.952067267587898,
          "p_value": 0.08282823967402596
        },
        "MDM2": {
          "cohens_d": 0.254,
          "fdr": 0.9641225477761958,
          "p_value": 0.2064834871169937
        },
        "HSP90AA1": {
          "cohens_d": 0.1967,
          "fdr": 0.9641225477761958,
          "p_value": 0.16373157626753565
        },
        "WEE1": {
          "cohens_d": -0.0342,
          "fdr": 0.9956646945825633,
          "p_value": 0.8597403805934484
        },
        "TP53": {
          "cohens_d": -0.2328,
          "fdr": 0.9641225477761958,
          "p_value": 0.1824278045649229
        }
      }
    },
    {
      "comparison": "R248W vs other TP53-mutant",
      "n_allele": 69,
      "n_other": 726,
      "n_significant": 0,
      "key_biology": {
        "MDM4": {
          "cohens_d": -0.0274,
          "fdr": 0.9771611017224141,
          "p_value": 0.5763457594008283
        },
        "HSP90AB1": {
          "cohens_d": -0.2096,
          "fdr": 0.867819465661484,
          "p_value": 0.06509492952510713
        },
        "EP300": {
          "cohens_d": -0.2913,
          "fdr": 0.8647829321317521,
          "p_value": 0.054749554296634646
        },
        "USP7": {
          "cohens_d": -0.0524,
          "fdr": 0.9460537800805741,
          "p_value": 0.30638804880021697
        },
        "ATR": {
          "cohens_d": 0.0624,
          "fdr": 0.9929409871171,
          "p_value": 0.9115467443545568
        },
        "CHEK1": {
          "cohens_d": -0.1688,
          "fdr": 0.891064890439752,
          "p_value": 0.1462464236871353
        },
        "CREBBP": {
          "cohens_d": 0.0949,
          "fdr": 0.978269275021397,
          "p_value": 0.5827279084548291
        },
        "MDM2": {
          "cohens_d": 0.0331,
          "fdr": 0.9946468343687348,
          "p_value": 0.9451114139743743
        },
        "HSP90AA1": {
          "cohens_d": 0.2112,
          "fdr": 0.8726016096679129,
          "p_value": 0.07148802434901366
        },
        "WEE1": {
          "cohens_d": 0.0428,
          "fdr": 0.9813551749863859,
          "p_value": 0.6412011379020701
        },
        "TP53": {
          "cohens_d": -0.386,
          "fdr": 0.8691254040640592,
          "p_value": 0.06868776126819963
        }
      }
    },
    {
      "comparison": "R273H vs other TP53-mutant",
      "n_allele": 66,
      "n_other": 729,
      "n_significant": 0,
      "key_biology": {
        "MDM4": {
          "cohens_d": 0.2345,
          "fdr": 0.9405230032010377,
          "p_value": 0.03529474673605419
        },
        "HSP90AB1": {
          "cohens_d": -0.1377,
          "fdr": 0.9602076241739516,
          "p_value": 0.184541640260924
        },
        "EP300": {
          "cohens_d": -0.2176,
          "fdr": 0.9753460179864408,
          "p_value": 0.2302030862489971
        },
        "USP7": {
          "cohens_d": 0.1769,
          "fdr": 0.9842389214130154,
          "p_value": 0.30342777256795483
        },
        "ATR": {
          "cohens_d": -0.2114,
          "fdr": 0.9405230032010377,
          "p_value": 0.06395251178130386
        },
        "CHEK1": {
          "cohens_d": 0.089,
          "fdr": 0.9852204753545696,
          "p_value": 0.33918213694616006
        },
        "CREBBP": {
          "cohens_d": 0.0407,
          "fdr": 0.9987138705371611,
          "p_value": 0.7291858266005852
        },
        "MDM2": {
          "cohens_d": 0.0453,
          "fdr": 0.9999420246284455,
          "p_value": 0.9953105142835734
        },
        "HSP90AA1": {
          "cohens_d": 0.0434,
          "fdr": 0.9987138705371611,
          "p_value": 0.9653977833715983
        },
        "WEE1": {
          "cohens_d": 0.1139,
          "fdr": 0.9912618470187082,
          "p_value": 0.3968892681362085
        },
        "TP53": {
          "cohens_d": -0.1642,
          "fdr": 0.9667469502733377,
          "p_value": 0.20595467904992193
        }
      }
    },
    {
      "comparison": "G245S vs other TP53-mutant",
      "n_allele": 17,
      "n_other": 778,
      "n_significant": 0,
      "key_biology": {
        "MDM4": {
          "cohens_d": -0.2831,
          "fdr": 0.9989860638479046,
          "p_value": 0.6019933450944925
        },
        "HSP90AB1": {
          "cohens_d": 0.0981,
          "fdr": 0.9989860638479046,
          "p_value": 0.5894137355851097
        },
        "EP300": {
          "cohens_d": 0.2998,
          "fdr": 0.9926382494219832,
          "p_value": 0.34609975542786586
        },
        "USP7": {
          "cohens_d": -0.152,
          "fdr": 0.9989860638479046,
          "p_value": 0.5624623114455194
        },
        "ATR": {
          "cohens_d": -0.0687,
          "fdr": 0.9932296361969869,
          "p_value": 0.35269741825659917
        },
        "CHEK1": {
          "cohens_d": 0.311,
          "fdr": 0.9978887804664471,
          "p_value": 0.4995013721379269
        },
        "CREBBP": {
          "cohens_d": 0.3687,
          "fdr": 0.9915320609368711,
          "p_value": 0.10406390718192829
        },
        "MDM2": {
          "cohens_d": -0.1195,
          "fdr": 0.9989860638479046,
          "p_value": 0.5603034056254319
        },