gene,mean_expr,pct_expressing
GPX4,0.8157613,48.027832674571805
SLC7A11,0.013268456,1.1322463768115942
ACSL4,0.041730613,3.122941370223979
LPCAT3,0.042482227,3.440999670619236
ALOX15,0.0009366115,0.07616930171277997
TFRC,0.094393864,6.7934782608695645
FTH1,3.044052,96.53841403162056
FTL,2.9908037,95.63776350461133
NFS1,0.022443749,1.8424736495388667
